{
  "metadata": {
    "ncols": 61,
    "nrows": 57,
    "xllcorner": 785368.1010847841,
    "yllcorner": 786044.8925784491,
    "cellsize": 30.6405,
    "nodata_value": -9999.0,
    "shape": [
      57,
      61
    ],
    "valid_cells": 3477,
    "min_elevation": 2.0,
    "max_elevation": 71.75260925292969,
    "mean_elevation": 20.73634106789919,
    "area_m2": 3264356.839352347
  },
  "params": {
    "location": "Jade Valley Subdivision, Davao City, Philippines",
    "analysis_date": "2026-04-10",
    "stream_threshold_pct": 95,
    "smooth_sigma": 0.5,
    "curve_number": 85
  },
  "terrain": {
    "mean_slope_deg": 4.310394914436908,
    "max_slope_deg": 37.88720956643077,
    "hand_min": 0.0,
    "hand_max": 67.82737042098964,
    "hand_mean": 31.719311713970903
  },
  "flood_scenarios": {
    "5-Year Return": {
      "flooded_cells": 550,
      "flooded_ha": 51.63621321375,
      "pct_area": 15.818234109864825,
      "max_depth_m": 1.0,
      "mean_depth_m": 0.7326856037931794,
      "hand_threshold": 1.0,
      "return_period": 5,
      "color": "#FFFF00"
    },
    "10-Year Return": {
      "flooded_cells": 746,
      "flooded_ha": 70.03748192265,
      "pct_area": 21.455277538107566,
      "max_depth_m": 2.0,
      "mean_depth_m": 1.4129728680180207,
      "hand_threshold": 2.0,
      "return_period": 10,
      "color": "#FFA500"
    },
    "25-Year Return": {
      "flooded_cells": 959,
      "flooded_ha": 90.03477903997499,
      "pct_area": 27.581248202473397,
      "max_depth_m": 3.5,
      "mean_depth_m": 2.4295655703276617,
      "hand_threshold": 3.5,
      "return_period": 25,
      "color": "#FF6600"
    },
    "100-Year Return": {
      "flooded_cells": 1233,
      "flooded_ha": 115.759001622825,
      "pct_area": 35.46160483175151,
      "max_depth_m": 6.0,
      "mean_depth_m": 4.123037899052601,
      "hand_threshold": 6.0,
      "return_period": 100,
      "color": "#FF0000"
    }
  },
  "risk_zones": {
    "Very High Risk": {
      "area_ha": 26.6630628231,
      "percentage": 8.16796088582111,
      "color": "#D32F2F",
      "desc": "Prone to annual flooding"
    },
    "High Risk": {
      "area_ha": 31.826684144475,
      "percentage": 9.749784296807592,
      "color": "#F57C00",
      "desc": "Frequent flood events"
    },
    "Medium Risk": {
      "area_ha": 32.2961042646,
      "percentage": 9.893586425079091,
      "color": "#FBC02D",
      "desc": "Occasional flooding"
    },
    "Low Risk": {
      "area_ha": 35.86369717755,
      "percentage": 10.986482599942478,
      "color": "#388E3C",
      "desc": "Rare flood events"
    },
    "Safe Zone": {
      "area_ha": 174.81205273455,
      "percentage": 53.551912568306015,
      "color": "#1565C0",
      "desc": "Minimal flood risk"
    }
  }
}