time,rain_mm,flooded_pct,river_pct,max_depth_mm,max_river_mm
14:00,0.4,0.0,0.0,0.0,0.0
14:10,1.1176470588235294,0.0,0.0,0.0,0.0
14:20,2.1529411764705886,0.0,0.0,0.1400830556926507,0.0
14:30,3.5058823529411764,0.0,0.0,0.8165905278963872,0.0
14:40,5.1764705882352935,0.0,0.0,1.716617806673622,0.0
14:50,7.1647058823529415,0.0,0.0,4.5163028667751615,0.0
15:00,9.470588235294118,0.0,0.0,7.490830751683339,0.0
15:10,12.094117647058825,0.028760425654299683,0.0,10.593815277850634,0.0
15:20,15.03529411764706,0.1725625539257981,0.0,16.24180867285432,0.0
15:30,18.294117647058826,0.2588438308886971,0.0,23.98920956348228,0.0
15:40,21.87058823529412,0.46016681046879493,0.0,33.15209073391738,0.0
15:50,25.764705882352946,0.8340523439746907,0.0,44.45481401651052,0.0
16:00,29.764705882352946,1.1216566005176878,0.0,58.95664866399816,0.0
16:10,33.76470588235295,13.143514524014954,12.050618349151568,83.16359439347801,67.83554822306645
16:20,37.76470588235295,22.57693413862525,21.484037963761864,228.4608014235794,211.25343590050068
16:30,41.764705882352956,28.242737992522287,26.977279263733102,337.71500650300874,317.99433722538106
16:40,45.764705882352956,31.837791199309752,30.572332470520564,419.1752484621682,396.8222603321938
16:50,49.76470588235296,34.10986482599942,32.78688524590164,479.6453780740084,454.58377046195983
