time,rain_mm,flooded_pct,river_pct,max_depth_mm,max_river_mm
14:00,0.4,0.0,0.0,0.0,0.0
14:10,1.1176470588235294,0.0,0.0,0.005115874742347243,0.0
14:20,2.1529411764705886,0.0,0.0,0.3572934394283736,0.0
14:30,3.5058823529411764,0.0,0.0,0.8104153016069987,0.0
14:40,5.1764705882352935,0.0,0.0,1.710677116876979,0.0
14:50,7.1647058823529415,0.0,0.0,4.507601634414391,0.0
15:00,9.470588235294118,0.0,0.0,7.479941770759459,0.0
15:10,12.094117647058825,0.028760425654299683,0.0,10.576762693129776,0.0
15:20,15.03529411764706,0.11504170261719873,0.0,13.79147666736432,0.0
15:30,18.294117647058826,0.20132297958009776,0.0,20.61677700351944,0.0
15:40,21.87058823529412,0.46016681046879493,0.0,31.395527509303744,0.0
15:50,25.764705882352946,0.8628127696289906,0.0,44.62586457203116,0.0
16:00,29.764705882352946,1.1504170261719875,0.0,59.20161342986105,0.0
16:10,33.76470588235295,10.008628127696289,8.858211101524303,95.29947504954418,67.80834268684879
16:20,37.76470588235295,17.31377624388841,16.019557089444923,240.61270004468582,211.20640955046485
16:30,41.764705882352956,23.353465631291343,21.85792349726776,349.58773193997797,317.9331320275986
16:40,45.764705882352956,26.689675007190104,25.136612021857925,436.4210589197841,396.75114589623024
16:50,49.76470588235296,28.616623526028185,26.977279263733102,509.22944091568144,454.505945934181
